unidade_federativa,municipio,IBGE,populacao,valor_total_previsto,valor_total_01,valor_centavos,status_implantacao,pontos_atendidos,valor_investido,valor_investido_01,valor_investido_em_centavos
AC,Tarauacá,1200609,38819,"484.547,10",484.547,10,Sem Previsão,1,"0,0",0,0
AL,Delmiro Gouveia,2702405,51997,"1.169.381,70",1.169.381,70,Sem Previsão,43,"0,0",0,0
AL,Estrela de Alagoas,2702553,18306,"527.206,83",527.206,83,Sem Previsão,39,"0,0",0,0
AM,Autazes,1300300,37033,"1.171.151,92",1.171.151,92,Sem Previsão,51,"0,0",0,0
AM,Benjamin Constant,1300607,39484,"844.586,48",844.586,48,Sem Previsão,12,"0,0",0,0
AM,Careiro,1301100,36435,"748.797,8",748.797,8,Sem Previsão,17,"0,0",0,0
AM,Coari,1301209,83078,"814.954,75",814.954,75,Concluída,27,"0,0",0,0
AM,Codajás,1301308,26777,"757.706,74",757.706,74,Sem Previsão,36,"0,0",0,0
AM,Iranduba,1301852,45984,"800.655,2",800.655,2,Sem Previsão,30,"0,0",0,0
AM,Manacapuru,1302504,94175,"892.096,87",892.096,87,Concluída,31,"763009,3",763009,3
AM,Manaquiri,1302553,28413,"636.682,15",636.682,15,Concluída,21,"0,0",0,0
AM,Maraã,1302801,18423,"427.516,78",427.516,78,Sem Previsão,21,"0,0",0,0
AP,Amapá,1600105,8622,"459.24,58",459.24,58,Sem Previsão,15,"0,0",0,0
AP,Laranjal do Jari,1600279,45712,"896.578,6",896.578,6,Sem Previsão,17,"0,0",0,0
AP,Mazagão,1600402,19571,"594.149,70",594.149,70,Sem Previsão,20,"0,0",0,0
AP,Porto Grande,1600535,19669,"800.403,50",800.403,50,Sem Previsão,22,"96.748,0",96.748,0
AP,Serra do Navio,1600055,4938,"590.073,15",590.073,15,Concluída,21,"495899,0",495899,0
AP,Vitória do Jari,1600808,14364,"687.756,22",687.756,22,Sem Previsão,7,"0,0",0,0
BA,Abaré,2900207,19574,"490.227,43",490.227,43,Sem Previsão,23,"0,0",0,0
BA,Anagé,2901205,20096,"510.328,56",510.328,56,Sem Previsão,15,"0,0",0,0
BA,Anguera,2901502,11299,"441.915,4",441.915,4,Sem Previsão,20,"0,0",0,0
BA,Baianópolis,2902500,14195,"499.499,12",499.499,12,Sem Previsão,24,"0,0",0,0
BA,Barra,2902708,54188,"1.210.503,86",1.210.503,86,Sem Previsão,46,"0,0",0,0
BA,Barra do Choca,2902906,34853,"747.99,32",747.99,32,Sem Previsão,23,"0,0",0,0
BA,Boa Vista do Tupim,2903805,18658,"548.582,5",548.582,5,Sem Previsão,28,"0,0",0,0
BA,Bom Jesus da Serra,2903953,10554,"413.597,59",413.597,59,Sem Previsão,16,"0,0",0,0
BA,Brejolândia,2904407,10698,"437.37,14",437.37,14,Sem Previsão,17,"0,0",0,0
BA,Buritirama,2904753,21549,"486.364,54",486.364,54,Sem Previsão,20,"0,0",0,0
BA,Coronel João Sá,2909208,17098,"623.361,8",623.361,8,Sem Previsão,27,"0,0",0,0
BA,Cotegipe,2909406,14403,"687.927,70",687.927,70,Sem Previsão,36,"0,0",0,0
BA,Curaçá,2909901,35208,"544.494,5",544.494,5,Sem Previsão,13,"0,0",0,0
BA,Encruzilhada,2910404,20331,"401.38,67",401.38,67,Sem Previsão,17,"0,0",0,0
BA,Guanambi,2911709,85797,"533.416,18",533.416,18,Concluída,15,"441985,58",441985,58
BA,Guaratinga,2911808,22355,"464.626,92",464.626,92,Sem Previsão,17,"0,0",0,0
BA,Itaberaba,2914703,66310,"533.277,38",533.277,38,Concluída,16,"409445,98",409445,98
BA,Itabuna,2914802,219680,"623.601,85",623.601,85,Concluída,17,"463707,87",463707,87
BA,Jeremoabo,2918100,41100,"703.108,89",703.108,89,Sem Previsão,15,"0,0",0,0
BA,Juazeiro,2918407,218324,"330.262,76",330.262,76,Concluída,9,"268250,96",268250,96
BA,Lauro de Freitas,2919207,191436,"710.505,26",710.505,26,Concluída,21,"625251,76",625251,76
BA,Nilo Peçanha,2922607,14188,"467.642,9",467.642,9,Concluída,16,"404337,86",404337,86
BA,Pedro Alexandre,2924207,18135,"584.854,35",584.854,35,Sem Previsão,20,"0,0",0,0
BA,Piatã,2924306,18473,"480.76,30",480.76,30,Sem Previsão,25,"0,0",0,0
BA,Piraí do Norte,2924678,10360,"433.787,98",433.787,98,Concluída,15,"377520,78",377520,78
BA,Presidente Tancredo Neves,2925758,27505,"553.392,15",553.392,15,Sem Previsão,26,"0,0",0,0
BA,Rafael Jambeiro,2925956,24349,"441.036,2",441.036,2,Sem Previsão,27,"0,0",0,0
BA,Riacho de Santana,2410801,4278,"678.17,45",678.17,45,Sem Previsão,33,"0,0",0,0
BA,Rio do Pires,2926905,12084,"473.521,57",473.521,57,Sem Previsão,16,"0,0",0,0
BA,Santa Rita de Cássia,2928406,28822,"674.932,84",674.932,84,Sem Previsão,17,"0,0",0,0
BA,São Desidério,2928901,32640,"674.932,84",674.932,84,Sem Previsão,38,"0,0",0,0
BA,Uruçuca,2932705,21849,"674.09,96",674.09,96,Concluída,27,"606169,36",606169,36
BA,Vitoria da Conquista,2933307,343230,"770.854,49",770.854,49,Concluída,19,"650404,89",650404,89
CE,Aiuaba,2300408,16997,"608.224,1",608.224,1,Sem Previsão,17,"0,0",0,0
CE,Amontada,2300754,42098,"479.642,87",479.642,87,Sem Previsão,18,"47.964,29",47.964,29
CE,Araripe,2301307,21289,"451.846,0",451.846,0,Concluída,16,"431175,0",431175,0
CE,Barreira,2301950,20687,"569.125,0",569.125,0,Concluída,20,"503602,4",503602,4
CE,Brejo Santo,2302503,48056,"414.096,87",414.096,87,Concluída,14,"370584,0",370584,0
CE,Caririaçu,2303204,26858,"855.645,37",855.645,37,Sem Previsão,38,"0,0",0,0
CE,Ibaretama,2305266,13188,"395.211,5",395.211,5,Sem Previsão,19,"117.775,40",117.775,40
CE,Iraucuba,2306108,23543,"602.49,73",602.49,73,Sem Previsão,24,"0,0",0,0
CE,Itatira,2306603,20285,"360.412,81",360.412,81,Sem Previsão,15,"36.041,28",36.041,28
CE,Jaguaruana,2307007,33469,"234.752,50",234.752,50,Concluída,24,"621943,9",621943,9
CE,Jardim,2307106,27072,"525.693,75",525.693,75,Sem Previsão,15,"0,0",0,0
CE,Jucas,2307403,24479,"811.165,19",811.165,19,Sem Previsão,23,"70.519,42",70.519,42
CE,Maracanaú,2307650,221504,"917.61,0",917.61,0,Concluída,31,"904979,3",904979,3
CE,Mauriti,2308104,46113,"800.468,71",800.468,71,Sem Previsão,28,"0,0",0,0
CE,Missão Velha,2308401,35240,"982.422,53",982.422,53,Sem Previsão,37,"0,0",0,0
CE,Ocara,2309458,25123,"932.719,89",932.719,89,Sem Previsão,33,"93.271,99",93.271,99
CE,Orós,2309508,21394,"776.131,97",776.131,97,Sem Previsão,33,"80.526,63",80.526,63
CE,Quixeramobim,2311405,77174,"611.463,0",611.463,0,Concluída,20,"558623,3",558623,3
CE,Redenção,1506138,80797,"541.709,65",541.709,65,Concluída,17,"400974,74",400974,74
CE,Santa Quitéria,2312205,43359,"778.971,49",778.971,49,Sem Previsão,25,"77.897,15",77.897,15
CE,Santana do Acaraú,2312007,31596,"880.816,43",880.816,43,Concluída,27,"317897,89",317897,89
CE,São Benedito,2312304,46171,"856.321,5",856.321,5,Sem Previsão,25,"85.632,11",85.632,11
CE,São Goncalo do Amarante,2312403,47297,"465.564,0",465.564,0,Concluída,9,"378125,5",378125,5
CE,Tururu,2313559,15594,"572.2,39",572.2,39,Sem Previsão,20,"57.22,4",57.22,4
CE,Varjota,2313955,18136,"611.787,62",611.787,62,Concluída,20,"605458,8",605458,8
CE,Vicosa do Ceará,2314102,58922,"521.961,0",521.961,0,Concluída,20,"487065,0",487065,0
DF,Estrutural,5300108,32148,"421.957,11",421.957,11,Concluída,15,"397718,72",397718,72
ES,Afonso Cláudio,3200102,32454,"780.654,21",780.654,21,Sem Previsão,27,"0,0",0,0
ES,Ecoporanga,3202108,24271,"540.762,65",540.762,65,Sem Previsão,7,"0,0",0,0
ES,Pinheiros,3204104,26589,"998.18,59",998.18,59,Sem Previsão,30,"0,0",0,0
ES,Santa Maria de Jetibá,3204559,38850,"794.17,33",794.17,33,Sem Previsão,30,"0,0",0,0
GO,Caiapônia,5204409,18148,"906.494,9",906.494,9,Sem Previsão,13,"0,0",0,0
GO,Divinópolis de Goiás,5208301,5020,"360.499,19",360.499,19,Sem Previsão,13,"0,0",0,0
GO,Itapuranga,5211206,26639,"885.67,15",885.67,15,Sem Previsão,24,"0,0",0,0
GO,Jandaia,5211701,6272,"549.369,23",549.369,23,Sem Previsão,17,"67.038,30",67.038,30
GO,Matrinchã,5212956,4500,"276.226,89",276.226,89,Sem Previsão,10,"0,0",0,0
GO,Nerópolis,5214507,27341,"876.496,87",876.496,87,Sem Previsão,27,"79.99,0",79.99,0
GO,Niquelândia,5214606,45243,"1.099.715,59",1.099.715,59,Sem Previsão,19,"0,0",0,0
GO,Paranaiguara,5216304,9760,"502.769,75",502.769,75,Sem Previsão,9,"0,0",0,0
GO,Rubiataba,5218904,19832,"1.018.336,11",1.018.336,11,Sem Previsão,27,"0,0",0,0
GO,Teresina de Goiás,5221080,3290,"328.258,55",328.258,55,Sem Previsão,9,"32.825,86",32.825,86
MA,Amarante do Maranhão,2100600,40378,"945.609,8",945.609,8,Sem Previsão,34,"0,0",0,0
MA,Apicum-Açu,2100832,17948,"592.591,70",592.591,70,Sem Previsão,20,"0,0",0,0
MA,Arari,2101004,29200,"871.581,16",871.581,16,Sem Previsão,30,"0,0",0,0
MA,Buriti,2102200,28022,"677.397,63",677.397,63,Sem Previsão,19,"0,0",0,0
MA,Buriti Bravo,2102309,23375,"928.283,68",928.283,68,Sem Previsão,34,"0,0",0,0
MA,Buritirana,2102358,15100,"465.86,24",465.86,24,Sem Previsão,18,"0,0",0,0
MA,Cajari,2102507,18943,"592.591,70",592.591,70,Sem Previsão,20,"0,0",0,0
MA,Cândido Mendes,2102606,19702,"418.515,74",418.515,74,Sem Previsão,15,"0,0",0,0
MA,Cantanhede,2102705,21464,"900.614,38",900.614,38,Sem Previsão,33,"0,0",0,0
MA,Duque Bacelar,2103901,11084,"498.937,55",498.937,55,Sem Previsão,16,"0,0",0,0
MA,Godofredo Viana,2104305,11464,"291.229,74",291.229,74,Sem Previsão,11,"0,0",0,0
MA,Governador Nunes Freire,2104677,25117,"750.281,50",750.281,50,Sem Previsão,22,"0,0",0,0
MA,Humberto de Campos,2105005,27976,"577.921,74",577.921,74,Sem Previsão,20,"47.849,40",47.849,40
MA,Jenipapo dos Vieiras,2105476,16124,"477.33,4",477.33,4,Sem Previsão,17,"0,0",0,0
MA,Magalhães de Almeida,2106300,19267,"572.2,39",572.2,39,Sem Previsão,20,"57.22,4",57.22,4
MA,Matões,2106607,32988,"779.497,92",779.497,92,Sem Previsão,27,"0,0",0,0
MA,Pastos Bons,2108009,18999,"856.076,52",856.076,52,Sem Previsão,31,"0,0",0,0
MA,Pedro do Rosário,2108256,24475,"555.385,46",555.385,46,Sem Previsão,21,"0,0",0,0
MA,Santa Rita,2110203,35980,"918.594,72",918.594,72,Sem Previsão,27,"75.012,0",75.012,0
MA,São Félix de Balsas,2110807,4518,"277.811,50",277.811,50,Sem Previsão,10,"0,0",0,0
MA,São João Batista,2111003,20235,"664.54,54",664.54,54,Sem Previsão,30,"0,0",0,0
MA,São João do Soter,2111078,18095,"592.549,70",592.549,70,Sem Previsão,20,"0,0",0,0
MA,São José de Ribamar,2111201,174267,"538.58,75",538.58,75,Concluída,13,"432278,0",432278,0
MA,São José dos Basílios,2111250,7495,"453.268,86",453.268,86,Sem Previsão,23,"0,0",0,0
MA,Urbano Santos,2112605,32316,"935.412,72",935.412,72,Sem Previsão,34,"0,0",0,0
MA,Viana,2112803,51249,"772.597,30",772.597,30,Sem Previsão,14,"0,0",0,0
MG,Araçuaí,3103405,37270,"1.226.878,42",1.226.878,42,Sem Previsão,59,"0,0",0,0
MG,Ataláia,3104700,14039,"677.429,81",677.429,81,Sem Previsão,20,"0,0",0,0
MG,Bonito de Minas,3108255,10669,"493.606,18",493.606,18,Sem Previsão,14,"0,0",0,0
MG,Botumirim,3108503,6574,"372.703,80",372.703,80,Sem Previsão,16,"0,0",0,0
MG,Buritizeiro,3109402,28163,"1.204.352,22",1.204.352,22,Sem Previsão,24,"0,0",0,0
MG,Chapada Gaúcha,3116159,12495,"625.142,48",625.142,48,Sem Previsão,20,"0,0",0,0
MG,Francisco Badaró,3126505,10550,"507.294,62",507.294,62,Sem Previsão,11,"0,0",0,0
MG,Grão Mogol,3116159,15805,"543.768,80",543.768,80,Sem Previsão,25,"0,0",0,0
MG,Inhapim,3130903,24835,"638.25,82",638.25,82,Sem Previsão,25,"0,0",0,0
MG,Itamarandiba,3132503,34253,"789.334,91",789.334,91,Sem Previsão,24,"0,0",0,0
MG,Itambacuri,3132701,23585,"684.848,87",684.848,87,Sem Previsão,17,"0,0",0,0
MG,Itinga,3134004,15059,"600.277,22",600.277,22,Sem Previsão,26,"0,0",0,0
MG,Japonvar,3135357,8643,"507.879,32",507.879,32,Sem Previsão,20,"0,0",0,0
MG,Jequeri,3135506,12946,"452.115,69",452.115,69,Sem Previsão,21,"0,0",0,0
MG,Manga,3139300,19622,"884.532,58",884.532,58,Sem Previsão,32,"0,0",0,0
MG,Monte Azul,3142908,21990,"866.711,44",866.711,44,Sem Previsão,33,"0,0",0,0
MG,Nepomuceno,3144607,26897,"650.576,0",650.576,0,Em andamento,27,"0,0",0,0
MG,Pimenta,3150505,8655,"290.426,96",290.426,96,Concluída,9,"288464,55",288464,55
MG,Piranga,3150802,17864,"518.72,0",518.72,0,Sem Previsão,20,"0,0",0,0
MG,Porteirinha,3152204,38720,"821.017,18",821.017,18,Sem Previsão,23,"0,0",0,0
MG,Rio Acima,3154804,9924,"285.842,80",285.842,80,Concluída,7,"240879,9",240879,9
MG,Rubelita,3156502,7093,"449.756,78",449.756,78,Sem Previsão,12,"0,0",0,0
MG,Salinas,3157005,41301,"1.072.570,70",1.072.570,70,Sem Previsão,29,"0,0",0,0
MG,Santana do Manhuaçu,3158904,8844,"417.308,13",417.308,13,Sem Previsão,12,"0,0",0,0
MG,Santo Antônio do Retiro,3160454,7290,"354.122,34",354.122,34,Sem Previsão,9,"0,0",0,0
MG,Simonésia,3167608,19421,"415.175,48",415.175,48,Sem Previsão,10,"0,0",0,0
MG,Varzelândia,3170909,19702,"586.097,60",586.097,60,Sem Previsão,20,"0,0",0,0
MG,Verdelândia,3171030,9056,"538.911,86",538.911,86,Sem Previsão,11,"0,0",0,0
MS,Aquidauana,5001102,47162,"1.796.471,81",1.796.471,81,Sem Previsão,33,"0,0",0,0
MS,Sidrolândia,5007901,51355,"1.050.595,61",1.050.595,61,Sem Previsão,38,"0,0",0,0
MS,Terenos,5008008,19914,"680.997,61",680.997,61,Sem Previsão,23,"0,0",0,0
MT,Campinópolis,5102603,15112,"700.685,43",700.685,43,Sem Previsão,20,"61.939,24",61.939,24
MT,Colniza,5103254,33575,"1.120.514,49",1.120.514,49,Sem Previsão,30,"92.707,50",92.707,50
MT,Nossa Senhora do Livramento,5106109,11393,"586.821,47",586.821,47,Sem Previsão,18,"0,0",0,0
MT,Rosário Oeste,5107701,17161,"1.084.905,79",1.084.905,79,Sem Previsão,29,"0,0",0,0
PA,Água Azul do Norte,1500347,26305,"918.552,72",918.552,72,Sem Previsão,27,"0,0",0,0
PA,Almeirim,1500503,33372,"741.201,86",741.201,86,Sem Previsão,30,"0,0",0,0
PA,Augusto Corrêa,1500909,43700,"911.062,16",911.062,16,Sem Previsão,35,"0,0",0,0
PA,Baião,1501204,43757,"761.373,62",761.373,62,Sem Previsão,23,"0,0",0,0
PA,Chaves,1502509,22566,"920.152,72",920.152,72,Sem Previsão,27,"0,0",0,0
PA,Conceição do Araguaia,1502707,46395,"901.124,75",901.124,75,Concluída,27,"722265,7",722265,7
PA,Curralinho,1502806,32248,"514.114,46",514.114,46,Sem Previsão,23,"0,0",0,0
PA,Curuçá,1502905,37800,"424.83,85",424.83,85,Concluída,11,"130558,1",130558,1
PA,Goianésia do Pará,1503093,37975,"557.09,75",557.09,75,Concluída,14,"413613,5",413613,5
PA,Itaituba,1503606,98446,"926.456,65",926.456,65,Concluída,30,"770171,6",770171,6
PA,Mãe do Rio,1504059,28959,"752.184,78",752.184,78,Sem Previsão,20,"83.562,0",83.562,0
PA,Marituba,1504422,122916,"746.189,75",746.189,75,Concluída,19,"289252,0",289252,0
PA,Muaná,1504901,37977,"791.851,90",791.851,90,Sem Previsão,23,"0,0",0,0
PA,Novo Progresso,1505031,25135,"1.435.144,47",1.435.144,47,Sem Previsão,38,"0,0",0,0
PA,Óbidos,1505106,50459,"1.065.228,26",1.065.228,26,Sem Previsão,38,"0,0",0,0
PA,Pacajá,1505486,44778,"918.477,20",918.477,20,Sem Previsão,29,"0,0",0,0
PA,Palestina do Pará,1505494,7424,"721.189,4",721.189,4,Sem Previsão,23,"0,0",0,0
PA,Paragominas,1505502,107010,"1.023.839,75",1.023.839,75,Concluída,34,"836808,1",836808,1
PA,São Domingos do Araguaia,1507151,24451,"944.073,64",944.073,64,Sem Previsão,33,"0,0",0,0
PA,São Sebastião da Boa Vista,2503100,25161,"1.019.380,74",1.019.380,74,Sem Previsão,28,"0,0",0,0
PA,Soure,1507904,24286,"1.436.297,70",1.436.297,70,Sem Previsão,38,"0,0",0,0
PA,Trairão,1508050,18084,"522.826,11",522.826,11,Concluída,15,"242272,0",242272,0
PA,Tucuruí,1508100,107189,"559.184,35",559.184,35,Concluída,13,"218948,0",218948,0
PA,Uruará,1508159,44486,"783.863,93",783.863,93,Concluída,26,"647554,6",647554,6
PB,Algodão de Jandaíra,2500577,2475,"289.596,37",289.596,37,Sem Previsão,15,"0,0",0,0
PB,Cabaceiras,2503100,5449,"355.867,86",355.867,86,Em andamento,15,"0,0",0,0
PB,Cachoeira dos Índios,2503308,10114,"428.579,50",428.579,50,Concluída,14,"377463,7",377463,7
PB,Esperança,2506004,32785,"643.482,51",643.482,51,Em andamento,23,"0,0",0,0
PB,Itaporanga,2507002,24499,"649.011,44",649.011,44,Em andamento,23,"0,0",0,0
PB,Lagoa Seca,2508307,27247,"600.9,72",600.9,72,Concluída,23,"509997,1",509997,1
PB,Mari,2509107,21755,"820.023,0",820.023,0,Sem Previsão,42,"0,0",0,0
PB,Nova Floresta,2510105,10650,"266.802,12",266.802,12,Concluída,6,"206113,4",206113,4
PB,Pocinhos,2512002,18272,"419.387,54",419.387,54,Concluída,14,"364650,7",364650,7
PB,Queimadas,2512507,43667,"539.153,44",539.153,44,Concluída,19,"490024,6",490024,6
PB,Riachão do Poco,2512762,4442,"271.785,75",271.785,75,Sem Previsão,10,"0,0",0,0
PB,São João do Rio do Peixe,2500700,17929,"550.508,58",550.508,58,Concluída,19,"526144,0",526144,0
PB,Seridó,2515401,10900,"414.241,2",414.241,2,Sem Previsão,17,"0,0",0,0
PB,Sobrado,2515971,7712,"313.026,32",313.026,32,Sem Previsão,11,"0,0",0,0
PB,Solânea,2516003,26734,"823.494,82",823.494,82,Sem Previsão,28,"0,0",0,0
PB,Sumé,2516300,16784,"560.687,23",560.687,23,Sem Previsão,26,"0,0",0,0
PB,Teixeira,2516706,14974,"629.847,40",629.847,40,Sem Previsão,20,"0,0",0,0
PB,Vieirópolis,2517209,5295,"360.13,3",360.13,3,Sem Previsão,16,"0,0",0,0
PE,Altinho,2600807,22876,"535.504,77",535.504,77,Sem Previsão,13,"0,0",0,0
PE,Bodocó,2602001,37317,"485.264,10",485.264,10,Concluída,14,"410386,3",410386,3
PE,Bom Conselho,2602100,47760,"1.055.014,86",1.055.014,86,Sem Previsão,24,"0,0",0,0
PE,Camutanga,2603603,8450,"401.41,82",401.41,82,Sem Previsão,14,"0,0",0,0
PE,Cortês,2604809,12602,"508.256,37",508.256,37,Sem Previsão,24,"0,0",0,0
PE,Dormentes,2605152,18321,"481.178,83",481.178,83,Sem Previsão,16,"0,0",0,0
PE,Exu,2605301,31928,"661.855,41",661.855,41,Sem Previsão,22,"0,0",0,0
PE,Granito,2606309,7308,"456.93,19",456.93,19,Sem Previsão,15,"0,0",0,0
PE,Itambé,2607653,36278,"910.778,44",910.778,44,Sem Previsão,38,"75.213,50",75.213,50
PE,Lagoa Grande,2608750,24757,"560.139,77",560.139,77,Sem Previsão,21,"0,0",0,0
PE,Machados,2609105,15313,"584.854,35",584.854,35,Sem Previsão,20,"0,0",0,0
PE,Moreilândia,2614303,11242,"591.799,1",591.799,1,Sem Previsão,20,"0,0",0,0
PE,Santa Cruz,2411205,38924,"471.426,7",471.426,7,Sem Previsão,15,"0,0",0,0
PE,Tupanatinga,2615805,26454,"562.734,60",562.734,60,Sem Previsão,25,"0,0",0,0
PE,Tuparetama,2615904,8149,"409.294,75",409.294,75,Sem Previsão,18,"0,0",0,0
PE,Vicância,2616308,32157,"413.073,29",413.073,29,Sem Previsão,12,"41.107,50",41.107,50
PI,Canto do Buriti,2202307,20700,"813.893,10",813.893,10,Sem Previsão,22,"0,0",0,0
PI,Coronel José Dias,2202851,4602,"229.836,98",229.836,98,Sem Previsão,7,"0,0",0,0
PI,Curimatã,2203206,11121,"738.588,14",738.588,14,Sem Previsão,18,"0,0",0,0
PI,Inhuma,2204709,15044,"499.01,0",499.01,0,Concluída,16,"0,0",0,0
PI,Joca Marques,2205458,5308,"340.013,39",340.013,39,Sem Previsão,9,"34.001,34",34.001,34
PI,Júlio Borges,2205524,5510,"381.318,38",381.318,38,Sem Previsão,14,"0,0",0,0
PI,Luís Correia,2205706,29558,"824.906,65",824.906,65,Sem Previsão,21,"0,0",0,0
PI,Nossa Senhora de Nazaré,2206753,4747,"240.826,43",240.826,43,Sem Previsão,8,"24.082,64",24.082,64
PI,Nossa Senhora dos Remédios,2206803,8491,"444.251,27",444.251,27,Sem Previsão,15,"44.425,13",44.425,13
PI,Oeiras,2207009,36329,"945.054,68",945.054,68,Sem Previsão,18,"78.965,0",78.965,0
PI,Pedro II,2207900,38055,"1.171.791,75",1.171.791,75,Sem Previsão,35,"226.142,27",226.142,27
PI,Regeneração,2208809,17697,"598.959,0",598.959,0,Concluída,20,"382085,0",382085,0
PI,Ribeira do Piauí,2208874,4381,"242.612,50",242.612,50,Sem Previsão,8,"0,0",0,0
PI,São João da Fronteira,2209872,5898,"410.24,33",410.24,33,Sem Previsão,12,"41.024,3",41.024,3
PI,São José do Divino,2210052,5246,"324.598,35",324.598,35,Concluída,9,"0,0",0,0
PI,Sebastião Barros,2210623,3455,"235.679,98",235.679,98,Sem Previsão,9,"0,0",0,0
PI,Socorro do Piauí,2210904,4512,"288.38,56",288.38,56,Sem Previsão,10,"0,0",0,0
PI,Várzea Branca,2211357,4889,"261.639,58",261.639,58,Sem Previsão,7,"26.145,0",26.145,0
PR,Assis Chateaubriand,4102000,34027,"679.27,0",679.27,0,Concluída,24,"388840,0",388840,0
PR,Bandeirantes,4102406,32639,"279.409,70",279.409,70,Em andamento,7,"0,0",0,0
PR,Ibaiti,4109708,30678,"876.774,62",876.774,62,Sem Previsão,37,"0,0",0,0
PR,Ibiporã,4109807,52330,"466.649,65",466.649,65,Concluída,11,"393175,34",393175,34
PR,Imbituva,4110102,31055,"730.635,37",730.635,37,Sem Previsão,16,"73.063,54",73.063,54
PR,Jacarezinho,4111803,40243,"1.097.593,40",1.097.593,40,Sem Previsão,25,"0,0",0,0
PR,Jaguariaíva,4112009,34468,"1.289.645,4",1.289.645,4,Sem Previsão,40,"0,0",0,0
PR,Palmas,1721000,272726,"875.603,0",875.603,0,Concluída,28,"800518,0",800518,0
PR,Pinhão,2805208,6440,"916.825,30",916.825,30,Sem Previsão,32,"0,0",0,0
PR,Piraí do Sul,4119400,24953,"785.249,1",785.249,1,Sem Previsão,23,"0,0",0,0
PR,Quatro Barras,4120804,22048,"509.908,95",509.908,95,Concluída,14,"191140,0",191140,0
PR,Reserva,4121703,26522,"671.768,65",671.768,65,Sem Previsão,24,"0,0",0,0
PR,Santa Cecília do Pavão,4123204,3597,"270.085,77",270.085,77,Concluída,6,"204232,98",204232,98
PR,Santo Antônio da Platina,4124103,45299,"1.067.635,12",1.067.635,12,Sem Previsão,21,"0,0",0,0
PR,São Mateus do Sul,4125605,44594,"1.306.948,3",1.306.948,3,Sem Previsão,29,"0,0",0,0
PR,São Miguel do Iguacu,4125704,27197,"781.824,0",781.824,0,Concluída,28,"452400,0",452400,0
PR,Toledo,3169109,6153,"680.553,70",680.553,70,Concluída,23,"650546,4",650546,4
RJ,Bom Jardim,2102002,40660,"770.98,33",770.98,33,Sem Previsão,21,"0,0",0,0
RJ,Casimiro de Abreu,3301306,40305,"842.187,31",842.187,31,Sem Previsão,36,"0,0",0,0
RJ,Engenheiro Paulo de Frontin,3301801,13626,"352.575,0",352.575,0,Concluída,11,"0,0",0,0
RJ,Itaocara,3302106,22779,"709.169,31",709.169,31,Sem Previsão,23,"0,0",0,0
RJ,Maricá,3302700,146549,"477.934,0",477.934,0,Em andamento,19,"0,0",0,0
RJ,Miguel Pereira,3302908,24842,"1.387.111,83",1.387.111,83,Sem Previsão,14,"0,0",0,0
RJ,Paraíba do Sul,3303708,42356,"1.267.858,79",1.267.858,79,Sem Previsão,35,"0,0",0,0
RJ,Paraty,3303807,40478,"1.050.686,93",1.050.686,93,Sem Previsão,39,"0,0",0,0
RJ,Piraí,3304003,27838,"907.753,83",907.753,83,Sem Previsão,27,"0,0",0,0
RJ,Santo Antônio de Pádua,3304706,41178,"1.338.880,40",1.338.880,40,Sem Previsão,39,"0,0",0,0
RJ,São Francisco de Itabapoana,3304755,41291,"610.044,96",610.044,96,Sem Previsão,17,"0,0",0,0
RJ,São João da Barra,3305000,34583,"547.505,97",547.505,97,Sem Previsão,18,"0,0",0,0
RJ,São José do Vale do Rio Preto,3305158,20916,"600.951,92",600.951,92,Em andamento,16,"0,0",0,0
RJ,Silva Jardim,3305604,21307,"859.484,40",859.484,40,Sem Previsão,21,"0,0",0,0
RJ,Vassouras,3306206,35432,"1.200.224,81",1.200.224,81,Sem Previsão,22,"0,0",0,0
RN,Baía Formosa,2401404,9182,"528.313,59",528.313,59,Sem Previsão,26,"0,0",0,0
RN,Frutuoso Gomes,2404002,4228,"303.633,93",303.633,93,Sem Previsão,15,"28.697,46",28.697,46
RN,Ipanguacu,2404705,15147,"467.851,15",467.851,15,Sem Previsão,15,"46.205,77",46.205,77
RN,Jaçanã,2405009,8827,"624.127,83",624.127,83,Sem Previsão,26,"0,0",0,0
RN,Lajes,2406700,11151,"577.091,88",577.091,88,Sem Previsão,20,"0,0",0,0
RN,Portalegre,2410207,7811,"434.838,27",434.838,27,Sem Previsão,12,"43.877,59",43.877,59
RN,Riachuelo,2410900,7863,"478.919,64",478.919,64,Sem Previsão,11,"46.447,44",46.447,44
RN,Santana do Matos,2411403,13605,"577.091,88",577.091,88,Sem Previsão,20,"54.084,85",54.084,85
RN,São João do Sabugi,2412104,6218,"411.047,68",411.047,68,Concluída,13,"139501,1",139501,1
RO,Buritis,1100452,37838,"1.035.208,77",1.035.208,77,Sem Previsão,25,"0,0",0,0
RO,Guajará-Mirim,1100106,46632,"1.132.841,73",1.132.841,73,Sem Previsão,14,"0,0",0,0
RR,Rorainópolis,1400472,27288,"1.038.572,22",1.038.572,22,Sem Previsão,21,"0,0",0,0
RS,Cacapava do Sul,4302808,34654,"1.305.619,56",1.305.619,56,Sem Previsão,47,"0,0",0,0
RS,Candelária,4304200,31476,"565.686,0",565.686,0,Em andamento,19,"0,0",0,0
RS,Canela,4304408,42411,"880.57,72",880.57,72,Sem Previsão,27,"0,0",0,0
RS,Cerro Grande do Sul,4305173,11263,"441.659,8",441.659,8,Sem Previsão,12,"0,0",0,0
RS,Fontoura Xavier,4308300,10888,"488.185,40",488.185,40,Sem Previsão,14,"0,0",0,0
RS,Igrejinha,4310108,34341,"1.204.058,72",1.204.058,72,Sem Previsão,21,"0,0",0,0
RS,Itaqui,4310603,39088,"1.471.652,94",1.471.652,94,Sem Previsão,39,"0,0",0,0
RS,Jari,4311130,65537,"234.752,50",234.752,50,Concluída,5,"189134,16",189134,16
RS,Não-Me-Toque,4312658,16997,"566.98,26",566.98,26,Concluída,18,"530358,64",530358,64
RS,Nova Bassano,4312906,9478,"382.013,20",382.013,20,Em andamento,11,"0,0",0,0
RS,Rio Pardo,4315701,38934,"1.205.607,46",1.205.607,46,Sem Previsão,31,"0,0",0,0
RS,Rolante,4316006,20712,"855.245,34",855.245,34,Sem Previsão,20,"0,0",0,0
RS,Rosário do Sul,4316402,40773,"1.116.548,4",1.116.548,4,Sem Previsão,28,"0,0",0,0
RS,Santo Ângelo,4317509,78976,"1.024.440,40",1.024.440,40,Concluída,35,"958295,6",958295,6
RS,São José do Norte,4318507,26977,"715.597,52",715.597,52,Sem Previsão,26,"0,0",0,0
RS,São Miguel das Missões,4319158,7728,"464.73,35",464.73,35,Concluída,15,"422459,6",422459,6
SC,Araquari,4201307,32454,"502.951,30",502.951,30,Sem Previsão,12,"0,0",0,0
SC,Curitibanos,4204806,39231,"1.425.445,82",1.425.445,82,Sem Previsão,31,"0,0",0,0
SC,Guaramirim,4206504,40878,"791.902,62",791.902,62,Sem Previsão,17,"0,0",0,0
SC,Joaçaba,4209003,29008,"597.782,80",597.782,80,Concluída,18,"568129,52",568129,52
SC,São Francisco do Sul,4216206,48606,"765.171,4",765.171,4,Sem Previsão,16,"0,0",0,0
SC,São Joaquim,4216503,26247,"777.44,24",777.44,24,Sem Previsão,14,"0,0",0,0
SE,Nossa Senhora da Glória,2804508,35726,"907.385,17",907.385,17,Sem Previsão,29,"83.271,50",83.271,50
SE,Pacatuba,2309706,80378,"547.876,31",547.876,31,Sem Previsão,21,"0,0",0,0
SE,Riachão do Dantas,2805802,19976,"473.31,93",473.31,93,Sem Previsão,21,"0,0",0,0
SE,Tobias Barreto,2807402,51375,"829.388,43",829.388,43,Sem Previsão,36,"0,0",0,0
SP,Apiaá,3502705,25211,"957.039,36",957.039,36,Concluída,35,"958073,92",958073,92
SP,Aracoiaba da Serra,3502903,31321,"1.625.187,54",1.625.187,54,Sem Previsão,22,"0,0",0,0
SP,Barra do Chapéu,3505351,5585,"335.161,32",335.161,32,Concluída,11,"260844,47",260844,47
SP,Boituva,3507001,55725,"1.391.367,12",1.391.367,12,Sem Previsão,44,"0,0",0,0
SP,Cachoeira Paulista,3508603,32294,"935.119,68",935.119,68,Sem Previsão,27,"0,0",0,0
SP,Casa Branca,3510807,29877,"621.901,86",621.901,86,Concluída,21,"0,0",0,0
SP,Conchal,3512209,27132,"1.135.692,68",1.135.692,68,Sem Previsão,39,"0,0",0,0
SP,Descalvado,3513702,32980,"451.24,30",451.24,30,Em andamento,16,"0,0",0,0
SP,Espírito Santo do Pinhal,3515186,43897,"1.661.169,74",1.661.169,74,Sem Previsão,47,"0,0",0,0
SP,Guararapes,3518206,32346,"831.691,60",831.691,60,Concluída,26,"772690,54",772690,54
SP,Guareí,3518503,16867,"505.817,4",505.817,4,Sem Previsão,18,"50.581,71",50.581,71
SP,Ibaté,3519303,33535,"1.584.846,88",1.584.846,88,Sem Previsão,34,"162.167,0",162.167,0
SP,Ituverava,3524105,40994,"1.448.262,92",1.448.262,92,Sem Previsão,28,"0,0",0,0
SP,Jales,3524808,48922,"1.705.825,26",1.705.825,26,Sem Previsão,42,"0,0",0,0
SP,Jarinu,3525201,27473,"1.277.621,82",1.277.621,82,Sem Previsão,28,"0,0",0,0
SP,Lourdes,3527256,2249,"438.445,29",438.445,29,Concluída,15,"354671,92",354671,92
SP,Louveira,3527306,43862,"1.204.519,24",1.204.519,24,Sem Previsão,17,"0,0",0,0
SP,Mairinque,3528403,46015,"1.390.757,84",1.390.757,84,Sem Previsão,23,"0,0",0,0
SP,Miracatu,3529906,20533,"652.792,68",652.792,68,Sem Previsão,17,"0,0",0,0
SP,Mirante do Paranapanema,3530201,17979,"610.647,24",610.647,24,Sem Previsão,24,"0,0",0,0
SP,Orlândia,3534302,42678,"1.595.135,44",1.595.135,44,Sem Previsão,58,"0,0",0,0
SP,Pederneiras,3536703,44910,"1.516.904,64",1.516.904,64,Sem Previsão,51,"0,0",0,0
SP,Penápolis,3537305,62071,"702.701,56",702.701,56,Concluída,21,"608824,64",608824,64
SP,Presidente Epitácio,3541307,43535,"584.153,42",584.153,42,Concluída,16,"245305,0",245305,0
SP,Presidente Venceslau,3541505,39407,"1.347.227,8",1.347.227,8,Sem Previsão,42,"0,0",0,0
SP,Promissão,3541604,38764,"864.957,78",864.957,78,Sem Previsão,30,"0,0",0,0
SP,Santa Gertrudes,3546702,24737,"730.256,0",730.256,0,Concluída,25,"674964,22",674964,22
SP,São Joaquim da Barra,3549409,50110,"1.536.581,60",1.536.581,60,Sem Previsão,22,"0,0",0,0
SP,São Manuel,3550100,40367,"1.119.305,92",1.119.305,92,Sem Previsão,26,"0,0",0,0
RN,São Pedro,2412708,6216,"1.015.248,54",1.015.248,54,Sem Previsão,10,"0,0",0,0
SP,Serrana,3551504,42784,"1.199.583,92",1.199.583,92,Sem Previsão,47,"0,0",0,0
SP,Socorro,3552106,39565,"740.416,36",740.416,36,Concluída,24,"711125,4",711125,4
SP,Tietê,3554508,40194,"1.980.602,66",1.980.602,66,Sem Previsão,44,"0,0",0,0
SP,Valparaíso,3556305,24993,"978.516,72",978.516,72,Sem Previsão,23,"0,0",0,0
SP,Vargem Grande do Sul,3556404,41807,"1.525.640,54",1.525.640,54,Sem Previsão,47,"0,0",0,0
TO,Paraíso do Tocantins,1716109,49076,"1.872.693,90",1.872.693,90,Sem Previsão,49,"0,0",0,0
TO,Ponte Alta do Bom Jesus,1717800,4649,"251.266,44",251.266,44,Sem Previsão,9,"23.969,90",23.969,90
TO,Porto Nacional,1718204,52182,"1.101.168,76",1.101.168,76,Sem Previsão,61,"0,0",0,0
TO,São Miguel do Tocantins,1720200,11597,"592.549,70",592.549,70,Sem Previsão,20,"0,0",0,0
